strategy,stage,gsm8k,algebra,competition,mbpp,average_seen
no_replay,0,46.0,,,,46.0
no_replay,1,47.333333333333336,18.0,,,32.666666666666664
no_replay,2,46.666666666666664,18.0,12.0,,25.555555555555557
no_replay,3,47.333333333333336,15.0,8.0,24.444444444444443,23.694444444444443
fixed_replay,0,46.0,,,,46.0
fixed_replay,1,45.33333333333333,17.0,,,31.166666666666664
fixed_replay,2,45.33333333333333,17.0,13.0,,25.11111111111111
fixed_replay,3,48.0,17.0,17.0,22.22222222222222,26.055555555555554
adaptive_replay,0,46.0,,,,46.0
adaptive_replay,1,46.666666666666664,17.0,,,31.833333333333336
adaptive_replay,2,45.33333333333333,18.0,14.000000000000002,,25.777777777777775
adaptive_replay,3,46.666666666666664,17.0,12.0,24.444444444444443,25.027777777777775
